<Policy xmlns="urn:oasis:names:tc:xacml:3.0:core:schema:wd-17" PolicyId="univ_faculty_policy" RuleCombiningAlgId="urn:oasis:names:tc:xacml:1.0:rule-combining-algorithm:first-applicable" Version="1.0">
   <Target>
      <AnyOf>
         <AllOf>
            <Match MatchId="urn:oasis:names:tc:xacml:1.0:function:string-equal">
               <AttributeValue DataType="http://www.w3.org/2001/XMLSchema#string">faculty</AttributeValue>
               <AttributeDesignator AttributeId="http://wso2.org/claims/role" Category="urn:oasis:names:tc:xacml:1.0:subject-category:access-subject" DataType="http://www.w3.org/2001/XMLSchema#string" MustBePresent="true"/>
            </Match>
         </AllOf>
      </AnyOf>
   </Target>
   <Rule Effect="Permit" RuleId="Rule-1">
      <Target>
         <AnyOf>
            <AllOf>
               <Match MatchId="urn:oasis:names:tc:xacml:1.0:function:string-equal">
                  <AttributeValue DataType="http://www.w3.org/2001/XMLSchema#string">syllabus.txt</AttributeValue>
                  <AttributeDesignator AttributeId="urn:oasis:names:tc:xacml:1.0:resource:resource-id" Category="urn:oasis:names:tc:xacml:3.0:attribute-category:resource" DataType="http://www.w3.org/2001/XMLSchema#string" MustBePresent="true"/>
               </Match>
            </AllOf>
         </AnyOf>
      </Target>
      <Condition>
         <Apply FunctionId="urn:oasis:names:tc:xacml:1.0:function:string-at-least-one-member-of">
            <Apply FunctionId="urn:oasis:names:tc:xacml:1.0:function:string-bag">
               <AttributeValue DataType="http://www.w3.org/2001/XMLSchema#string">read</AttributeValue>
               <AttributeValue DataType="http://www.w3.org/2001/XMLSchema#string">write</AttributeValue>
               <AttributeValue DataType="http://www.w3.org/2001/XMLSchema#string">execute</AttributeValue>
            </Apply>
            <AttributeDesignator AttributeId="urn:oasis:names:tc:xacml:1.0:action:action-id" Category="urn:oasis:names:tc:xacml:3.0:attribute-category:action" DataType="http://www.w3.org/2001/XMLSchema#string" MustBePresent="true"/>
         </Apply>
      </Condition>
   </Rule>
   <Rule Effect="Permit" RuleId="Rule-2">
      <Target>
         <AnyOf>
            <AllOf>
               <Match MatchId="urn:oasis:names:tc:xacml:1.0:function:string-equal">
                  <AttributeValue DataType="http://www.w3.org/2001/XMLSchema#string">research.txt</AttributeValue>
                  <AttributeDesignator AttributeId="urn:oasis:names:tc:xacml:1.0:resource:resource-id" Category="urn:oasis:names:tc:xacml:3.0:attribute-category:resource" DataType="http://www.w3.org/2001/XMLSchema#string" MustBePresent="true"/>
               </Match>
            </AllOf>
         </AnyOf>
      </Target>
      <Condition>
         <Apply FunctionId="urn:oasis:names:tc:xacml:1.0:function:string-at-least-one-member-of">
            <Apply FunctionId="urn:oasis:names:tc:xacml:1.0:function:string-bag">
               <AttributeValue DataType="http://www.w3.org/2001/XMLSchema#string">read</AttributeValue>
               <AttributeValue DataType="http://www.w3.org/2001/XMLSchema#string">write</AttributeValue>
               <AttributeValue DataType="http://www.w3.org/2001/XMLSchema#string">execute</AttributeValue>
            </Apply>
            <AttributeDesignator AttributeId="urn:oasis:names:tc:xacml:1.0:action:action-id" Category="urn:oasis:names:tc:xacml:3.0:attribute-category:action" DataType="http://www.w3.org/2001/XMLSchema#string" MustBePresent="true"/>
         </Apply>
      </Condition>
   </Rule>
   <Rule Effect="Permit" RuleId="Rule-3">
      <Target>
         <AnyOf>
            <AllOf>
               <Match MatchId="urn:oasis:names:tc:xacml:1.0:function:string-equal">
                  <AttributeValue DataType="http://www.w3.org/2001/XMLSchema#string">grades.txt</AttributeValue>
                  <AttributeDesignator AttributeId="urn:oasis:names:tc:xacml:1.0:resource:resource-id" Category="urn:oasis:names:tc:xacml:3.0:attribute-category:resource" DataType="http://www.w3.org/2001/XMLSchema#string" MustBePresent="true"/>
               </Match>
            </AllOf>
         </AnyOf>
      </Target>
      <Condition>
         <Apply FunctionId="urn:oasis:names:tc:xacml:1.0:function:string-at-least-one-member-of">
            <Apply FunctionId="urn:oasis:names:tc:xacml:1.0:function:string-bag">
               <AttributeValue DataType="http://www.w3.org/2001/XMLSchema#string">read</AttributeValue>
               <AttributeValue DataType="http://www.w3.org/2001/XMLSchema#string">write</AttributeValue>
               <AttributeValue DataType="http://www.w3.org/2001/XMLSchema#string">execute</AttributeValue>
            </Apply>
            <AttributeDesignator AttributeId="urn:oasis:names:tc:xacml:1.0:action:action-id" Category="urn:oasis:names:tc:xacml:3.0:attribute-category:action" DataType="http://www.w3.org/2001/XMLSchema#string" MustBePresent="true"/>
         </Apply>
      </Condition>
   </Rule>
   <Rule Effect="Permit" RuleId="Rule-4">
      <Target>
         <AnyOf>
            <AllOf>
               <Match MatchId="urn:oasis:names:tc:xacml:1.0:function:string-equal">
                  <AttributeValue DataType="http://www.w3.org/2001/XMLSchema#string">assignment.txt</AttributeValue>
                  <AttributeDesignator AttributeId="urn:oasis:names:tc:xacml:1.0:resource:resource-id" Category="urn:oasis:names:tc:xacml:3.0:attribute-category:resource" DataType="http://www.w3.org/2001/XMLSchema#string" MustBePresent="true"/>
               </Match>
            </AllOf>
         </AnyOf>
         <AnyOf>
            <AllOf>
               <Match MatchId="urn:oasis:names:tc:xacml:1.0:function:string-equal">
                  <AttributeValue DataType="http://www.w3.org/2001/XMLSchema#string">read</AttributeValue>
                  <AttributeDesignator AttributeId="urn:oasis:names:tc:xacml:1.0:action:action-id" Category="urn:oasis:names:tc:xacml:3.0:attribute-category:action" DataType="http://www.w3.org/2001/XMLSchema#string" MustBePresent="true"/>
               </Match>
            </AllOf>
         </AnyOf>
      </Target>
   </Rule>
   <Rule Effect="Permit" RuleId="Rule-5">
      <Target>
         <AnyOf>
            <AllOf>
               <Match MatchId="urn:oasis:names:tc:xacml:1.0:function:string-equal">
                  <AttributeValue DataType="http://www.w3.org/2001/XMLSchema#string">certificate.txt</AttributeValue>
                  <AttributeDesignator AttributeId="urn:oasis:names:tc:xacml:1.0:resource:resource-id" Category="urn:oasis:names:tc:xacml:3.0:attribute-category:resource" DataType="http://www.w3.org/2001/XMLSchema#string" MustBePresent="true"/>
               </Match>
            </AllOf>
         </AnyOf>
      </Target>
      <Condition>
         <Apply FunctionId="urn:oasis:names:tc:xacml:1.0:function:string-at-least-one-member-of">
            <Apply FunctionId="urn:oasis:names:tc:xacml:1.0:function:string-bag">
               <AttributeValue DataType="http://www.w3.org/2001/XMLSchema#string">read</AttributeValue>
               <AttributeValue DataType="http://www.w3.org/2001/XMLSchema#string">write</AttributeValue>
               <AttributeValue DataType="http://www.w3.org/2001/XMLSchema#string">execute</AttributeValue>
            </Apply>
            <AttributeDesignator AttributeId="urn:oasis:names:tc:xacml:1.0:action:action-id" Category="urn:oasis:names:tc:xacml:3.0:attribute-category:action" DataType="http://www.w3.org/2001/XMLSchema#string" MustBePresent="true"/>
         </Apply>
      </Condition>
   </Rule>
   <Rule Effect="Deny" RuleId="Deny-Rule"/>
</Policy>